{
  "overall": {
    "FP": 9440.0,
    "FN": 12155.0,
    "IDSW": 479.0,
    "TOTAL_GT": 26647.0,
    "TOTAL_DET": 23932.0,
    "MT": 27.0,
    "ML": 17.0,
    "GT": 90.0,
    "MOTA": -81.83859346267872
  },
  "sequences": {
    "MOT20-01": {
      "MOTA": 17.161406537321277,
      "MOTP": 73.39453980505145,
      "IDF1": 27.912770121987386,
      "FP": 9440,
      "FN": 12155,
      "IDSW": 479,
      "MT": 27,
      "ML": 17,
      "PT": 46,
      "GT": 90,
      "TOTAL_GT": 26647,
      "TOTAL_DET": 23932
    }
  }
}