{
  "overall": {
    "FP": 9158.0,
    "FN": 14851.0,
    "IDSW": 102.0,
    "TOTAL_GT": 26647.0,
    "TOTAL_DET": 20954.0,
    "MT": 20.0,
    "ML": 28.0,
    "GT": 90.0,
    "MOTA": -89.482981198634
  },
  "sequences": {
    "MOT20-01": {
      "MOTA": 9.517018801366007,
      "MOTP": 76.15247813157502,
      "IDF1": 29.80189491817399,
      "FP": 9158,
      "FN": 14851,
      "IDSW": 102,
      "MT": 20,
      "ML": 28,
      "PT": 42,
      "GT": 90,
      "TOTAL_GT": 26647,
      "TOTAL_DET": 20954
    }
  }
}