{
  "overall": {
    "FP": 9085.0,
    "FN": 14814.0,
    "IDSW": 104.0,
    "TOTAL_GT": 26647.0,
    "TOTAL_DET": 20918.0,
    "MT": 21.0,
    "ML": 28.0,
    "GT": 90.0,
    "MOTA": -89.07768229068938
  },
  "sequences": {
    "MOT20-01": {
      "MOTA": 9.922317709310613,
      "MOTP": 76.09212502820937,
      "IDF1": 30.299590034689377,
      "FP": 9085,
      "FN": 14814,
      "IDSW": 104,
      "MT": 21,
      "ML": 28,
      "PT": 41,
      "GT": 90,
      "TOTAL_GT": 26647,
      "TOTAL_DET": 20918
    }
  }
}