{
  "overall": {
    "FP": 180052.0,
    "FN": 1093879.0,
    "IDSW": 1282.0,
    "TOTAL_GT": 1336920.0,
    "TOTAL_DET": 423093.0,
    "MT": 100.0,
    "ML": 1588.0,
    "GT": 2332.0,
    "MOTA": -94.38439098824163
  },
  "sequences": {
    "MOT20-01": {
      "MOTA": 9.577063084024473,
      "MOTP": 76.14142743959427,
      "IDF1": 29.621067232718946,
      "FP": 9139,
      "FN": 14852,
      "IDSW": 104,
      "MT": 21,
      "ML": 28,
      "PT": 41,
      "GT": 90,
      "TOTAL_GT": 26647,
      "TOTAL_DET": 20934
    },
    "MOT20-02": {
      "MOTA": 6.367480157258365,
      "MOTP": 76.26187203056597,
      "IDF1": 23.29509526793113,
      "FP": 65348,
      "FN": 123439,
      "IDSW": 552,
      "MT": 56,
      "ML": 64,
      "PT": 176,
      "GT": 296,
      "TOTAL_GT": 202215,
      "TOTAL_DET": 144124
    },
    "MOT20-03": {
      "MOTA": 10.693861990087683,
      "MOTP": 72.65544025906722,
      "IDF1": 19.06624467765978,
      "FP": 17486,
      "FN": 300915,
      "IDSW": 179,
      "MT": 7,
      "ML": 534,
      "PT": 194,
      "GT": 735,
      "TOTAL_GT": 356728,
      "TOTAL_DET": 73299
    },
    "MOT20-05": {
      "MOTA": 1.0822142068065976,
      "MOTP": 77.95892927957512,
      "IDF1": 10.60032091754214,
      "FP": 88079,
      "FN": 654673,
      "IDSW": 447,
      "MT": 16,
      "ML": 962,
      "PT": 233,
      "GT": 1211,
      "TOTAL_GT": 751330,
      "TOTAL_DET": 184736
    }
  }
}