{
  "overall": {
    "FP": 63288.0,
    "FN": 9982.0,
    "IDSW": 7604.0,
    "TOTAL_GT": 26647.0,
    "TOTAL_DET": 79953.0,
    "MT": 46.0,
    "ML": 15.0,
    "GT": 90.0,
    "MOTA": -302.50133223252146
  },
  "sequences": {
    "MOT20-01": {
      "MOTA": -203.50133223252146,
      "MOTP": 72.4491710155971,
      "IDF1": 7.375234521575985,
      "FP": 63288,
      "FN": 9982,
      "IDSW": 7604,
      "MT": 46,
      "ML": 15,
      "PT": 29,
      "GT": 90,
      "TOTAL_GT": 26647,
      "TOTAL_DET": 79953
    }
  }
}