{
  "overall": {
    "FP": 9913.0,
    "FN": 12580.0,
    "IDSW": 122.0,
    "TOTAL_GT": 26647.0,
    "TOTAL_DET": 23980.0,
    "MT": 28.0,
    "ML": 17.0,
    "GT": 90.0,
    "MOTA": -83.86884077006792
  },
  "sequences": {
    "MOT20-01": {
      "MOTA": 15.131159229932079,
      "MOTP": 72.09960076333778,
      "IDF1": 35.37242973117111,
      "FP": 9913,
      "FN": 12580,
      "IDSW": 122,
      "MT": 28,
      "ML": 17,
      "PT": 45,
      "GT": 90,
      "TOTAL_GT": 26647,
      "TOTAL_DET": 23980
    }
  }
}