{
  "overall": {
    "FP": 4987.0,
    "FN": 13728.0,
    "IDSW": 347.0,
    "TOTAL_GT": 26647.0,
    "TOTAL_DET": 17906.0,
    "MT": 25.0,
    "ML": 26.0,
    "GT": 90.0,
    "MOTA": -70.53525725222352
  },
  "sequences": {
    "MOT20-01": {
      "MOTA": 28.464742747776484,
      "MOTP": 74.95298314495551,
      "IDF1": 31.059636837025568,
      "FP": 4987,
      "FN": 13728,
      "IDSW": 347,
      "MT": 25,
      "ML": 26,
      "PT": 39,
      "GT": 90,
      "TOTAL_GT": 26647,
      "TOTAL_DET": 17906
    }
  }
}