{
  "overall": {
    "FP": 9098.0,
    "FN": 14841.0,
    "IDSW": 95.0,
    "TOTAL_GT": 26647.0,
    "TOTAL_DET": 20904.0,
    "MT": 20.0,
    "ML": 28.0,
    "GT": 90.0,
    "MOTA": -89.19401808834016
  },
  "sequences": {
    "MOT20-01": {
      "MOTA": 9.805981911659845,
      "MOTP": 76.16101194068814,
      "IDF1": 30.060356249079934,
      "FP": 9098,
      "FN": 14841,
      "IDSW": 95,
      "MT": 20,
      "ML": 28,
      "PT": 42,
      "GT": 90,
      "TOTAL_GT": 26647,
      "TOTAL_DET": 20904
    }
  }
}