{
  "overall": {
    "FP": 12832.0,
    "FN": 12998.0,
    "IDSW": 141.0,
    "TOTAL_GT": 26647.0,
    "TOTAL_DET": 26481.0,
    "MT": 28.0,
    "ML": 17.0,
    "GT": 90.0,
    "MOTA": -96.46312905768005
  },
  "sequences": {
    "MOT20-01": {
      "MOTA": 2.5368709423199576,
      "MOTP": 71.72313231145223,
      "IDF1": 32.0207800030116,
      "FP": 12832,
      "FN": 12998,
      "IDSW": 141,
      "MT": 28,
      "ML": 17,
      "PT": 45,
      "GT": 90,
      "TOTAL_GT": 26647,
      "TOTAL_DET": 26481
    }
  }
}