{
  "overall": {
    "FP": 4754.0,
    "FN": 13721.0,
    "IDSW": 299.0,
    "TOTAL_GT": 26647.0,
    "TOTAL_DET": 17680.0,
    "MT": 25.0,
    "ML": 26.0,
    "GT": 90.0,
    "MOTA": -69.45446016437123
  },
  "sequences": {
    "MOT20-01": {
      "MOTA": 29.545539835628777,
      "MOTP": 74.93393811227638,
      "IDF1": 31.75942427865635,
      "FP": 4754,
      "FN": 13721,
      "IDSW": 299,
      "MT": 25,
      "ML": 26,
      "PT": 39,
      "GT": 90,
      "TOTAL_GT": 26647,
      "TOTAL_DET": 17680
    }
  }
}