{
  "overall": {
    "FP": 5043.0,
    "FN": 13705.0,
    "IDSW": 360.0,
    "TOTAL_GT": 26647.0,
    "TOTAL_DET": 17985.0,
    "MT": 25.0,
    "ML": 26.0,
    "GT": 90.0,
    "MOTA": -70.70788456486659
  },
  "sequences": {
    "MOT20-01": {
      "MOTA": 28.292115435133415,
      "MOTP": 74.94059803204671,
      "IDF1": 30.12636673238932,
      "FP": 5043,
      "FN": 13705,
      "IDSW": 360,
      "MT": 25,
      "ML": 26,
      "PT": 39,
      "GT": 90,
      "TOTAL_GT": 26647,
      "TOTAL_DET": 17985
    }
  }
}