{
  "overall": {
    "FP": 66489.0,
    "FN": 9987.0,
    "IDSW": 7737.0,
    "TOTAL_GT": 26647.0,
    "TOTAL_DET": 83149.0,
    "MT": 47.0,
    "ML": 16.0,
    "GT": 90.0,
    "MOTA": -315.031823469809
  },
  "sequences": {
    "MOT20-01": {
      "MOTA": -216.031823469809,
      "MOTP": 71.74568686771134,
      "IDF1": 6.909177019199242,
      "FP": 66489,
      "FN": 9987,
      "IDSW": 7737,
      "MT": 47,
      "ML": 16,
      "PT": 27,
      "GT": 90,
      "TOTAL_GT": 26647,
      "TOTAL_DET": 83149
    }
  }
}