{
  "overall": {
    "FP": 4897.0,
    "FN": 13734.0,
    "IDSW": 333.0,
    "TOTAL_GT": 26647.0,
    "TOTAL_DET": 17810.0,
    "MT": 25.0,
    "ML": 26.0,
    "GT": 90.0,
    "MOTA": -70.16748602094044
  },
  "sequences": {
    "MOT20-01": {
      "MOTA": 28.83251397905956,
      "MOTP": 74.95376248173869,
      "IDF1": 31.117709247137686,
      "FP": 4897,
      "FN": 13734,
      "IDSW": 333,
      "MT": 25,
      "ML": 26,
      "PT": 39,
      "GT": 90,
      "TOTAL_GT": 26647,
      "TOTAL_DET": 17810
    }
  }
}