{
  "overall": {
    "FP": 14794.0,
    "FN": 14095.0,
    "IDSW": 144.0,
    "TOTAL_GT": 26647.0,
    "TOTAL_DET": 27346.0,
    "MT": 23.0,
    "ML": 27.0,
    "GT": 90.0,
    "MOTA": -107.95410365144294
  },
  "sequences": {
    "MOT20-01": {
      "MOTA": -8.954103651442935,
      "MOTP": 74.66336698914213,
      "IDF1": 26.54418165317726,
      "FP": 14794,
      "FN": 14095,
      "IDSW": 144,
      "MT": 23,
      "ML": 27,
      "PT": 40,
      "GT": 90,
      "TOTAL_GT": 26647,
      "TOTAL_DET": 27346
    }
  }
}