{
  "overall": {
    "FP": 5003.0,
    "FN": 13740.0,
    "IDSW": 357.0,
    "TOTAL_GT": 26647.0,
    "TOTAL_DET": 17910.0,
    "MT": 25.0,
    "ML": 26.0,
    "GT": 90.0,
    "MOTA": -70.67786242353736
  },
  "sequences": {
    "MOT20-01": {
      "MOTA": 28.322137576462637,
      "MOTP": 74.95837555271653,
      "IDF1": 30.45537177098997,
      "FP": 5003,
      "FN": 13740,
      "IDSW": 357,
      "MT": 25,
      "ML": 26,
      "PT": 39,
      "GT": 90,
      "TOTAL_GT": 26647,
      "TOTAL_DET": 17910
    }
  }
}