{
  "overall": {
    "FP": 10961.0,
    "FN": 12059.0,
    "IDSW": 561.0,
    "TOTAL_GT": 26647.0,
    "TOTAL_DET": 25549.0,
    "MT": 29.0,
    "ML": 18.0,
    "GT": 90.0,
    "MOTA": -87.49401433557247
  },
  "sequences": {
    "MOT20-01": {
      "MOTA": 11.50598566442752,
      "MOTP": 73.35581493066398,
      "IDF1": 25.166679439037477,
      "FP": 10961,
      "FN": 12059,
      "IDSW": 561,
      "MT": 29,
      "ML": 18,
      "PT": 43,
      "GT": 90,
      "TOTAL_GT": 26647,
      "TOTAL_DET": 25549
    }
  }
}